{
  "model_config": {
    "type": "Hands-Only",
    "skip_rate": 0,
    "device": "cpu",
    "sequence_length": 30
  },
  "frame_processing": {
    "mean_ms": 115.38970456180306,
    "std_ms": 46.05254115161714,
    "min_ms": 21.231510007055476,
    "max_ms": 228.27712798607536,
    "total_samples": 1236
  },
  "mediapipe_hand": {
    "mean_ms": 114.82098430248571,
    "std_ms": 45.99972048285327
  },
  "mediapipe_pose": null,
  "feature_extraction": {
    "mean_ms": 0.18110581319820598,
    "std_ms": 0.06364514320681887
  },
  "model_inference": {
    "mean_ms": 2.115204751304046,
    "std_ms": 4.479364192664171,
    "min_ms": 1.2990520044695586,
    "max_ms": 49.377997987903655,
    "total_samples": 113
  },
  "total_sequence_processing": {
    "mean_ms": 3700.400477572764,
    "description": "Time to process one complete 30-frame sequence (feature extraction + inference)"
  },
  "computational_efficiency": {
    "frames_processed_per_skip": "1 out of 1",
    "actual_mediapipe_calls_per_sequence": 30,
    "efficiency_gain_vs_0skip": "N/A (baseline)"
  }
}