{
  "model_config": {
    "type": "Hands+Pose",
    "skip_rate": 1,
    "device": "cpu",
    "sequence_length": 30
  },
  "frame_processing": {
    "mean_ms": 198.8183361744309,
    "std_ms": 54.620872011030045,
    "min_ms": 43.36532801971771,
    "max_ms": 269.3438569549471,
    "total_samples": 620
  },
  "mediapipe_hand": {
    "mean_ms": 126.51555186251157,
    "std_ms": 42.45456715369139
  },
  "mediapipe_pose": {
    "mean_ms": 71.54563035799055,
    "std_ms": 18.93682843839151
  },
  "feature_extraction": {
    "mean_ms": 0.33728572091222886,
    "std_ms": 0.09597186113624084
  },
  "model_inference": {
    "mean_ms": 2.245876514167418,
    "std_ms": 0.44921785804014625,
    "min_ms": 1.765252003679052,
    "max_ms": 5.005211016396061,
    "total_samples": 113
  },
  "total_sequence_processing": {
    "mean_ms": 3020.4269801350156,
    "description": "Time to process one complete 30-frame sequence (feature extraction + inference)"
  },
  "computational_efficiency": {
    "frames_processed_per_skip": "1 out of 2",
    "actual_mediapipe_calls_per_sequence": 15,
    "efficiency_gain_vs_0skip": "50.0%"
  }
}